INSERT INTO store(clothes_name) VALUES ('clothes 1');
INSERT INTO store(clothes_name) VALUES ('clothes 2');
INSERT INTO store(clothes_name) VALUES ('clothes 3');
INSERT INTO store(clothes_name) VALUES ('clothes 4');
INSERT INTO store(clothes_name) VALUES ('clothes 5');
INSERT INTO store(clothes_name) VALUES ('clothes 6');
INSERT INTO store(clothes_name) VALUES ('clothes 7');
INSERT INTO store(clothes_name) VALUES ('clothes 8');
INSERT INTO store(clothes_name) VALUES ('clothes 9');

insert into clothes_store (name, size, cost, color, type, description) values ('clothes 1', 42, '1009.00 руб', 'red', 'dress', 'loren ipsum123');
insert into clothes_store (name, size, cost, color, type, description) values ('clothes 2', 43, '2100.00 руб', 'black', 'pants', 'is simply dummy text of the printing and typesetting industry. Lorem Ipsum has been the industry''s');
insert into clothes_store (name, size, cost, color, type, description) values ('clothes 3', 44, '459.00 руб', 'green', 'skirt', 'as opposed to using ''Content here, content here'', making it look like');
insert into clothes_store (name, size, cost, color, type, description) values ('clothes 4', 45, '768.00 руб', 'blue', 'vest', 'web page editors now use Lorem Ipsum as their default model text,');
insert into clothes_store (name, size, cost, color, type, description) values ('clothes 5', 46, '891.00 руб', 'white', 'shirt', 'and a search for ''lorem ipsum'' will uncover many web sites still in their infancy.');
insert into clothes_store (name, size, cost, color, type, description) values ('clothes 9', 47, '1200.00 руб', 'red', 'shirt', 'tend to repeat predefined chunks as necessary, making this the first true generator on the.');
insert into clothes_store (name, size, cost, color, type, description) values ('clothes 6', 48, '644.00 руб', 'green', 'pants', 'sometimes by accident, sometimes on purpose (injected humour and the like).');
insert into clothes_store (name, size, cost, color, type, description) values ('clothes 7', 50, '571.00 руб', 'blue', 'dress', 'Where can I get some? There are many variations of passages of Lorem Ipsum available, but the majority have suffered ');
insert into clothes_store (name, size, cost, color, type, description) values ('clothes 8', 52, '3381.00 руб', 'red', 'shirt', 'All the Lorem Ipsum generators on the Internet tend to repeat predefined chunks as necessary, making this the first true generator on the Internet.');


--insert into stock(clothes_name) values ('clothes 2');
--insert into stock(clothes_name) values ('clothes 4');
--insert into stock(clothes_name) values ('clothes 6');
--insert into stock(clothes_name) values ('clothes 8');
--insert into stock(clothes_name) values ('clothes 1');
--insert into stock(clothes_name) values ('clothes 3');
--insert into stock(clothes_name) values ('clothes 5');
--insert into stock(clothes_name) values ('clothes 7');

